{
  "schemaVersion": 1,
  "id": "orthocamera_plus",
  "version": "0.1.0",
  "name": "OrthoCamera Plus",
  "description": "Adds reveal/occluder fade, isometric presets, smooth zoom/pan, grids for orthographic camera.",
  "authors": [
    "Coops"
  ],
  "contact": {},
  "license": "MIT",
  "icon": "",
  "environment": "client",
  "entrypoints": {
    "client": [
      "com.coops.orthocamplus.OrthoCamPlusClient"
    ]
  },
  "mixins": [
    "orthocamera_plus.mixins.json"
  ],
  "depends": {
    "fabricloader": ">=0.16.12",
    "minecraft": ">=1.21.1",
    "fabric-api": ">=0.107.0+1.21.1"
  }
}